state,year,sector,emission_(metric_tons)
Andhra Pradesh,2010,Agriculture,20.66
Andhra Pradesh,2010,Energy,59.059999999999995
Andhra Pradesh,2010,Industry,40.440000000000005
Andhra Pradesh,2010,Transportation,37.05
Andhra Pradesh,2010,Waste Management,9.21
Andhra Pradesh,2011,Agriculture,13.719999999999999
Andhra Pradesh,2011,Energy,52.86
Andhra Pradesh,2011,Industry,35.970000000000006
Andhra Pradesh,2011,Transportation,21.44
Andhra Pradesh,2011,Waste Management,16.06
Andhra Pradesh,2012,Agriculture,11.260000000000002
Andhra Pradesh,2012,Energy,72.55000000000001
Andhra Pradesh,2012,Industry,49.67999999999999
Andhra Pradesh,2012,Transportation,44.34
Andhra Pradesh,2012,Waste Management,13.879999999999999
Andhra Pradesh,2013,Agriculture,15.650000000000002
Andhra Pradesh,2013,Energy,31.800000000000004
Andhra Pradesh,2013,Industry,30.5
Andhra Pradesh,2013,Transportation,49.25000000000001
Andhra Pradesh,2013,Waste Management,8.469999999999999
Andhra Pradesh,2014,Agriculture,18.33
Andhra Pradesh,2014,Energy,42.79
Andhra Pradesh,2014,Industry,61.629999999999995
Andhra Pradesh,2014,Transportation,25.45
Andhra Pradesh,2014,Waste Management,11.91
Andhra Pradesh,2015,Agriculture,21.03
Andhra Pradesh,2015,Energy,58.730000000000004
Andhra Pradesh,2015,Industry,44.410000000000004
Andhra Pradesh,2015,Transportation,45.3
Andhra Pradesh,2015,Waste Management,12.33
Andhra Pradesh,2016,Agriculture,17.32
Andhra Pradesh,2016,Energy,74.72
Andhra Pradesh,2016,Industry,33.71
Andhra Pradesh,2016,Transportation,22.93
Andhra Pradesh,2016,Waste Management,6.029999999999999
Andhra Pradesh,2017,Agriculture,17.39
Andhra Pradesh,2017,Energy,47.83
Andhra Pradesh,2017,Industry,55.220000000000006
Andhra Pradesh,2017,Transportation,35.309999999999995
Andhra Pradesh,2017,Waste Management,11.850000000000001
Andhra Pradesh,2018,Agriculture,17.44
Andhra Pradesh,2018,Energy,74.57000000000001
Andhra Pradesh,2018,Industry,30.740000000000002
Andhra Pradesh,2018,Transportation,33.05
Andhra Pradesh,2018,Waste Management,10.02
Andhra Pradesh,2019,Agriculture,10.35
Andhra Pradesh,2019,Energy,73.77999999999999
Andhra Pradesh,2019,Industry,61.06
Andhra Pradesh,2019,Transportation,34.55
Andhra Pradesh,2019,Waste Management,12.96
Andhra Pradesh,2020,Agriculture,18.560000000000002
Andhra Pradesh,2020,Energy,34.35
Andhra Pradesh,2020,Industry,56.63
Andhra Pradesh,2020,Transportation,31.06
Andhra Pradesh,2020,Waste Management,9.580000000000002
Andhra Pradesh,2021,Agriculture,18.47
Andhra Pradesh,2021,Energy,48.839999999999996
Andhra Pradesh,2021,Industry,38.4
Andhra Pradesh,2021,Transportation,30.29
Andhra Pradesh,2021,Waste Management,8.829999999999998
Andhra Pradesh,2022,Agriculture,19.52
Andhra Pradesh,2022,Energy,59.94
Andhra Pradesh,2022,Industry,28.91
Andhra Pradesh,2022,Transportation,35.54
Andhra Pradesh,2022,Waste Management,12.5
Andhra Pradesh,2023,Agriculture,20.29
Andhra Pradesh,2023,Energy,51.13
Andhra Pradesh,2023,Industry,50.269999999999996
Andhra Pradesh,2023,Transportation,47.57
Andhra Pradesh,2023,Waste Management,12.46
Andhra Pradesh,2024,Agriculture,25.759999999999998
Andhra Pradesh,2024,Energy,79.11
Andhra Pradesh,2024,Industry,39.379999999999995
Andhra Pradesh,2024,Transportation,46.7
Andhra Pradesh,2024,Waste Management,7.92
Arunachal Pradesh,2010,Agriculture,18.1
Arunachal Pradesh,2010,Energy,48.45
Arunachal Pradesh,2010,Industry,47.48
Arunachal Pradesh,2010,Transportation,43.44
Arunachal Pradesh,2010,Waste Management,11.309999999999999
Arunachal Pradesh,2011,Agriculture,21.33
Arunachal Pradesh,2011,Energy,29.889999999999997
Arunachal Pradesh,2011,Industry,48.949999999999996
Arunachal Pradesh,2011,Transportation,35.91
Arunachal Pradesh,2011,Waste Management,15.15
Arunachal Pradesh,2012,Agriculture,18.72
Arunachal Pradesh,2012,Energy,55.57
Arunachal Pradesh,2012,Industry,42.33
Arunachal Pradesh,2012,Transportation,23.66
Arunachal Pradesh,2012,Waste Management,11.14
Arunachal Pradesh,2013,Agriculture,17.52
Arunachal Pradesh,2013,Energy,81.24
Arunachal Pradesh,2013,Industry,39.75
Arunachal Pradesh,2013,Transportation,36.19
Arunachal Pradesh,2013,Waste Management,7.49
Arunachal Pradesh,2014,Agriculture,20.38
Arunachal Pradesh,2014,Energy,60.59
Arunachal Pradesh,2014,Industry,46.54
Arunachal Pradesh,2014,Transportation,46.459999999999994
Arunachal Pradesh,2014,Waste Management,8.14
Arunachal Pradesh,2015,Agriculture,20.92
Arunachal Pradesh,2015,Energy,42.400000000000006
Arunachal Pradesh,2015,Industry,42.03
Arunachal Pradesh,2015,Transportation,22.81
Arunachal Pradesh,2015,Waste Management,10.77
Arunachal Pradesh,2016,Agriculture,14.030000000000001
Arunachal Pradesh,2016,Energy,79.06
Arunachal Pradesh,2016,Industry,41.620000000000005
Arunachal Pradesh,2016,Transportation,26.43
Arunachal Pradesh,2016,Waste Management,12.149999999999999
Arunachal Pradesh,2017,Agriculture,22.439999999999998
Arunachal Pradesh,2017,Energy,78.58999999999999
Arunachal Pradesh,2017,Industry,34.4
Arunachal Pradesh,2017,Transportation,28.92
Arunachal Pradesh,2017,Waste Management,12.67
Arunachal Pradesh,2018,Agriculture,16.450000000000003
Arunachal Pradesh,2018,Energy,63.54
Arunachal Pradesh,2018,Industry,43.57
Arunachal Pradesh,2018,Transportation,37.73
Arunachal Pradesh,2018,Waste Management,17.060000000000002
Arunachal Pradesh,2019,Agriculture,14.51
Arunachal Pradesh,2019,Energy,31.5
Arunachal Pradesh,2019,Industry,62.0
Arunachal Pradesh,2019,Transportation,30.220000000000002
Arunachal Pradesh,2019,Waste Management,9.89
Arunachal Pradesh,2020,Agriculture,15.18
Arunachal Pradesh,2020,Energy,37.22
Arunachal Pradesh,2020,Industry,40.78
Arunachal Pradesh,2020,Transportation,35.69
Arunachal Pradesh,2020,Waste Management,7.65
Arunachal Pradesh,2021,Agriculture,20.490000000000002
Arunachal Pradesh,2021,Energy,76.0
Arunachal Pradesh,2021,Industry,33.78
Arunachal Pradesh,2021,Transportation,50.04
Arunachal Pradesh,2021,Waste Management,9.85
Arunachal Pradesh,2022,Agriculture,23.340000000000003
Arunachal Pradesh,2022,Energy,43.42
Arunachal Pradesh,2022,Industry,65.57000000000001
Arunachal Pradesh,2022,Transportation,27.05
Arunachal Pradesh,2022,Waste Management,11.27
Arunachal Pradesh,2023,Agriculture,19.43
Arunachal Pradesh,2023,Energy,37.29
Arunachal Pradesh,2023,Industry,28.810000000000002
Arunachal Pradesh,2023,Transportation,31.76
Arunachal Pradesh,2023,Waste Management,11.32
Arunachal Pradesh,2024,Agriculture,19.31
Arunachal Pradesh,2024,Energy,37.28
Arunachal Pradesh,2024,Industry,27.979999999999997
Arunachal Pradesh,2024,Transportation,33.94
Arunachal Pradesh,2024,Waste Management,8.58
Assam,2010,Agriculture,17.33
Assam,2010,Energy,46.97
Assam,2010,Industry,41.050000000000004
Assam,2010,Transportation,33.54
Assam,2010,Waste Management,10.88
Assam,2011,Agriculture,16.43
Assam,2011,Energy,61.3
Assam,2011,Industry,41.650000000000006
Assam,2011,Transportation,34.44
Assam,2011,Waste Management,12.81
Assam,2012,Agriculture,13.61
Assam,2012,Energy,63.22
Assam,2012,Industry,55.73
Assam,2012,Transportation,21.46
Assam,2012,Waste Management,12.02
Assam,2013,Agriculture,22.43
Assam,2013,Energy,76.66
Assam,2013,Industry,25.53
Assam,2013,Transportation,35.43
Assam,2013,Waste Management,7.51
Assam,2014,Agriculture,18.77
Assam,2014,Energy,80.00999999999999
Assam,2014,Industry,31.84
Assam,2014,Transportation,35.339999999999996
Assam,2014,Waste Management,12.34
Assam,2015,Agriculture,21.13
Assam,2015,Energy,75.13999999999999
Assam,2015,Industry,31.78
Assam,2015,Transportation,28.6
Assam,2015,Waste Management,13.21
Assam,2016,Agriculture,19.08
Assam,2016,Energy,34.35
Assam,2016,Industry,60.910000000000004
Assam,2016,Transportation,47.730000000000004
Assam,2016,Waste Management,12.629999999999999
Assam,2017,Agriculture,18.07
Assam,2017,Energy,56.68
Assam,2017,Industry,60.040000000000006
Assam,2017,Transportation,21.180000000000003
Assam,2017,Waste Management,11.850000000000001
Assam,2018,Agriculture,15.54
Assam,2018,Energy,79.23
Assam,2018,Industry,26.93
Assam,2018,Transportation,27.990000000000002
Assam,2018,Waste Management,12.09
Assam,2019,Agriculture,21.47
Assam,2019,Energy,61.38
Assam,2019,Industry,23.139999999999997
Assam,2019,Transportation,22.13
Assam,2019,Waste Management,12.830000000000002
Assam,2020,Agriculture,25.5
Assam,2020,Energy,50.099999999999994
Assam,2020,Industry,28.319999999999997
Assam,2020,Transportation,28.419999999999998
Assam,2020,Waste Management,10.32
Assam,2021,Agriculture,20.98
Assam,2021,Energy,40.36
Assam,2021,Industry,59.870000000000005
Assam,2021,Transportation,20.209999999999997
Assam,2021,Waste Management,8.9
Assam,2022,Agriculture,20.93
Assam,2022,Energy,34.93
Assam,2022,Industry,27.880000000000003
Assam,2022,Transportation,38.260000000000005
Assam,2022,Waste Management,8.99
Assam,2023,Agriculture,10.87
Assam,2023,Energy,33.449999999999996
Assam,2023,Industry,64.77
Assam,2023,Transportation,47.64
Assam,2023,Waste Management,10.76
Assam,2024,Agriculture,19.669999999999998
Assam,2024,Energy,72.89
Assam,2024,Industry,47.13
Assam,2024,Transportation,40.96
Assam,2024,Waste Management,8.48
Bihar,2010,Agriculture,24.75
Bihar,2010,Energy,59.86
Bihar,2010,Industry,59.28
Bihar,2010,Transportation,39.199999999999996
Bihar,2010,Waste Management,13.129999999999999
Bihar,2011,Agriculture,25.46
Bihar,2011,Energy,55.7
Bihar,2011,Industry,42.7
Bihar,2011,Transportation,24.159999999999997
Bihar,2011,Waste Management,11.719999999999999
Bihar,2012,Agriculture,15.76
Bihar,2012,Energy,66.78
Bihar,2012,Industry,27.419999999999998
Bihar,2012,Transportation,30.130000000000003
Bihar,2012,Waste Management,12.93
Bihar,2013,Agriculture,20.11
Bihar,2013,Energy,35.769999999999996
Bihar,2013,Industry,53.07
Bihar,2013,Transportation,45.410000000000004
Bihar,2013,Waste Management,10.71
Bihar,2014,Agriculture,17.07
Bihar,2014,Energy,54.7
Bihar,2014,Industry,36.559999999999995
Bihar,2014,Transportation,24.19
Bihar,2014,Waste Management,7.95
Bihar,2015,Agriculture,12.45
Bihar,2015,Energy,59.42
Bihar,2015,Industry,47.54
Bihar,2015,Transportation,34.17
Bihar,2015,Waste Management,15.91
Bihar,2016,Agriculture,17.04
Bihar,2016,Energy,51.14
Bihar,2016,Industry,27.84
Bihar,2016,Transportation,41.029999999999994
Bihar,2016,Waste Management,8.86
Bihar,2017,Agriculture,19.9
Bihar,2017,Energy,37.97
Bihar,2017,Industry,42.83
Bihar,2017,Transportation,39.43
Bihar,2017,Waste Management,12.32
Bihar,2018,Agriculture,21.21
Bihar,2018,Energy,67.08
Bihar,2018,Industry,59.809999999999995
Bihar,2018,Transportation,27.189999999999998
Bihar,2018,Waste Management,10.350000000000001
Bihar,2019,Agriculture,19.08
Bihar,2019,Energy,34.870000000000005
Bihar,2019,Industry,63.129999999999995
Bihar,2019,Transportation,32.529999999999994
Bihar,2019,Waste Management,13.870000000000001
Bihar,2020,Agriculture,18.61
Bihar,2020,Energy,33.76
Bihar,2020,Industry,32.36
Bihar,2020,Transportation,49.38
Bihar,2020,Waste Management,11.89
Bihar,2021,Agriculture,21.32
Bihar,2021,Energy,72.28
Bihar,2021,Industry,48.12
Bihar,2021,Transportation,31.389999999999997
Bihar,2021,Waste Management,13.559999999999999
Bihar,2022,Agriculture,21.6
Bihar,2022,Energy,41.92
Bihar,2022,Industry,50.4
Bihar,2022,Transportation,29.71
Bihar,2022,Waste Management,12.04
Bihar,2023,Agriculture,24.54
Bihar,2023,Energy,80.29999999999998
Bihar,2023,Industry,56.150000000000006
Bihar,2023,Transportation,29.699999999999996
Bihar,2023,Waste Management,9.940000000000001
Bihar,2024,Agriculture,19.34
Bihar,2024,Energy,70.18
Bihar,2024,Industry,57.540000000000006
Bihar,2024,Transportation,33.68
Bihar,2024,Waste Management,13.489999999999998
Chhattisgarh,2010,Agriculture,21.09
Chhattisgarh,2010,Energy,77.78
Chhattisgarh,2010,Industry,51.92
Chhattisgarh,2010,Transportation,20.919999999999998
Chhattisgarh,2010,Waste Management,11.76
Chhattisgarh,2011,Agriculture,21.39
Chhattisgarh,2011,Energy,67.81
Chhattisgarh,2011,Industry,41.0
Chhattisgarh,2011,Transportation,22.3
Chhattisgarh,2011,Waste Management,11.879999999999999
Chhattisgarh,2012,Agriculture,18.02
Chhattisgarh,2012,Energy,76.78000000000002
Chhattisgarh,2012,Industry,51.78
Chhattisgarh,2012,Transportation,28.02
Chhattisgarh,2012,Waste Management,15.850000000000001
Chhattisgarh,2013,Agriculture,19.96
Chhattisgarh,2013,Energy,76.53
Chhattisgarh,2013,Industry,60.58
Chhattisgarh,2013,Transportation,22.680000000000003
Chhattisgarh,2013,Waste Management,13.719999999999999
Chhattisgarh,2014,Agriculture,18.85
Chhattisgarh,2014,Energy,36.44
Chhattisgarh,2014,Industry,34.93
Chhattisgarh,2014,Transportation,48.38
Chhattisgarh,2014,Waste Management,10.53
Chhattisgarh,2015,Agriculture,24.7
Chhattisgarh,2015,Energy,52.41
Chhattisgarh,2015,Industry,36.92
Chhattisgarh,2015,Transportation,47.940000000000005
Chhattisgarh,2015,Waste Management,10.66
Chhattisgarh,2016,Agriculture,21.46
Chhattisgarh,2016,Energy,39.519999999999996
Chhattisgarh,2016,Industry,62.83
Chhattisgarh,2016,Transportation,47.38
Chhattisgarh,2016,Waste Management,13.489999999999998
Chhattisgarh,2017,Agriculture,24.72
Chhattisgarh,2017,Energy,44.49
Chhattisgarh,2017,Industry,55.279999999999994
Chhattisgarh,2017,Transportation,33.54
Chhattisgarh,2017,Waste Management,10.95
Chhattisgarh,2018,Agriculture,23.18
Chhattisgarh,2018,Energy,44.21
Chhattisgarh,2018,Industry,36.78
Chhattisgarh,2018,Transportation,44.370000000000005
Chhattisgarh,2018,Waste Management,16.32
Chhattisgarh,2019,Agriculture,23.380000000000003
Chhattisgarh,2019,Energy,47.160000000000004
Chhattisgarh,2019,Industry,45.94
Chhattisgarh,2019,Transportation,39.00000000000001
Chhattisgarh,2019,Waste Management,12.14
Chhattisgarh,2020,Agriculture,17.15
Chhattisgarh,2020,Energy,59.379999999999995
Chhattisgarh,2020,Industry,59.88
Chhattisgarh,2020,Transportation,38.1
Chhattisgarh,2020,Waste Management,7.460000000000001
Chhattisgarh,2021,Agriculture,18.61
Chhattisgarh,2021,Energy,80.48000000000002
Chhattisgarh,2021,Industry,31.949999999999996
Chhattisgarh,2021,Transportation,41.010000000000005
Chhattisgarh,2021,Waste Management,14.54
Chhattisgarh,2022,Agriculture,19.47
Chhattisgarh,2022,Energy,58.83
Chhattisgarh,2022,Industry,46.38
Chhattisgarh,2022,Transportation,33.449999999999996
Chhattisgarh,2022,Waste Management,16.869999999999997
Chhattisgarh,2023,Agriculture,12.97
Chhattisgarh,2023,Energy,76.38
Chhattisgarh,2023,Industry,50.769999999999996
Chhattisgarh,2023,Transportation,34.18
Chhattisgarh,2023,Waste Management,12.379999999999999
Chhattisgarh,2024,Agriculture,18.88
Chhattisgarh,2024,Energy,76.94000000000001
Chhattisgarh,2024,Industry,35.19
Chhattisgarh,2024,Transportation,43.96
Chhattisgarh,2024,Waste Management,11.3
Goa,2010,Agriculture,20.92
Goa,2010,Energy,74.13
Goa,2010,Industry,41.970000000000006
Goa,2010,Transportation,39.14
Goa,2010,Waste Management,9.68
Goa,2011,Agriculture,20.52
Goa,2011,Energy,57.989999999999995
Goa,2011,Industry,63.94
Goa,2011,Transportation,23.349999999999998
Goa,2011,Waste Management,8.74
Goa,2012,Agriculture,15.49
Goa,2012,Energy,78.42999999999999
Goa,2012,Industry,28.21
Goa,2012,Transportation,47.50000000000001
Goa,2012,Waste Management,12.51
Goa,2013,Agriculture,15.950000000000001
Goa,2013,Energy,54.410000000000004
Goa,2013,Industry,48.779999999999994
Goa,2013,Transportation,21.24
Goa,2013,Waste Management,7.619999999999999
Goa,2014,Agriculture,14.599999999999998
Goa,2014,Energy,33.81
Goa,2014,Industry,54.669999999999995
Goa,2014,Transportation,38.64
Goa,2014,Waste Management,15.02
Goa,2015,Agriculture,11.81
Goa,2015,Energy,58.669999999999995
Goa,2015,Industry,60.16
Goa,2015,Transportation,18.610000000000003
Goa,2015,Waste Management,14.75
Goa,2016,Agriculture,18.97
Goa,2016,Energy,43.32
Goa,2016,Industry,29.62
Goa,2016,Transportation,35.199999999999996
Goa,2016,Waste Management,13.09
Goa,2017,Agriculture,16.23
Goa,2017,Energy,78.19
Goa,2017,Industry,33.160000000000004
Goa,2017,Transportation,30.9
Goa,2017,Waste Management,7.869999999999999
Goa,2018,Agriculture,19.03
Goa,2018,Energy,63.17999999999999
Goa,2018,Industry,26.29
Goa,2018,Transportation,21.990000000000002
Goa,2018,Waste Management,7.05
Goa,2019,Agriculture,13.280000000000001
Goa,2019,Energy,54.11
Goa,2019,Industry,62.89
Goa,2019,Transportation,42.97
Goa,2019,Waste Management,12.33
Goa,2020,Agriculture,14.129999999999999
Goa,2020,Energy,30.77
Goa,2020,Industry,42.63
Goa,2020,Transportation,32.839999999999996
Goa,2020,Waste Management,14.79
Goa,2021,Agriculture,14.010000000000002
Goa,2021,Energy,47.76
Goa,2021,Industry,26.1
Goa,2021,Transportation,40.86
Goa,2021,Waste Management,14.54
Goa,2022,Agriculture,16.04
Goa,2022,Energy,47.34
Goa,2022,Industry,33.76
Goa,2022,Transportation,34.82
Goa,2022,Waste Management,10.43
Goa,2023,Agriculture,20.28
Goa,2023,Energy,46.6
Goa,2023,Industry,44.529999999999994
Goa,2023,Transportation,30.31
Goa,2023,Waste Management,9.42
Goa,2024,Agriculture,13.78
Goa,2024,Energy,37.769999999999996
Goa,2024,Industry,52.1
Goa,2024,Transportation,36.92
Goa,2024,Waste Management,8.79
Gujarat,2010,Agriculture,13.5
Gujarat,2010,Energy,53.35
Gujarat,2010,Industry,31.11
Gujarat,2010,Transportation,43.239999999999995
Gujarat,2010,Waste Management,12.45
Gujarat,2011,Agriculture,19.05
Gujarat,2011,Energy,35.86
Gujarat,2011,Industry,36.62
Gujarat,2011,Transportation,23.8
Gujarat,2011,Waste Management,12.280000000000001
Gujarat,2012,Agriculture,17.11
Gujarat,2012,Energy,66.24
Gujarat,2012,Industry,45.75
Gujarat,2012,Transportation,30.290000000000003
Gujarat,2012,Waste Management,11.11
Gujarat,2013,Agriculture,22.0
Gujarat,2013,Energy,80.38999999999999
Gujarat,2013,Industry,25.95
Gujarat,2013,Transportation,18.740000000000002
Gujarat,2013,Waste Management,8.6
Gujarat,2014,Agriculture,19.3
Gujarat,2014,Energy,49.98
Gujarat,2014,Industry,36.14
Gujarat,2014,Transportation,42.32
Gujarat,2014,Waste Management,14.67
Gujarat,2015,Agriculture,22.189999999999998
Gujarat,2015,Energy,45.67
Gujarat,2015,Industry,56.53
Gujarat,2015,Transportation,36.71
Gujarat,2015,Waste Management,12.11
Gujarat,2016,Agriculture,16.83
Gujarat,2016,Energy,36.06
Gujarat,2016,Industry,55.07
Gujarat,2016,Transportation,42.190000000000005
Gujarat,2016,Waste Management,9.93
Gujarat,2017,Agriculture,19.880000000000003
Gujarat,2017,Energy,60.12
Gujarat,2017,Industry,31.87
Gujarat,2017,Transportation,41.43000000000001
Gujarat,2017,Waste Management,13.86
Gujarat,2018,Agriculture,14.55
Gujarat,2018,Energy,76.83
Gujarat,2018,Industry,52.51
Gujarat,2018,Transportation,45.51
Gujarat,2018,Waste Management,8.09
Gujarat,2019,Agriculture,18.869999999999997
Gujarat,2019,Energy,42.45
Gujarat,2019,Industry,48.269999999999996
Gujarat,2019,Transportation,29.7
Gujarat,2019,Waste Management,9.809999999999999
Gujarat,2020,Agriculture,10.46
Gujarat,2020,Energy,48.86
Gujarat,2020,Industry,37.599999999999994
Gujarat,2020,Transportation,37.29
Gujarat,2020,Waste Management,8.67
Gujarat,2021,Agriculture,16.05
Gujarat,2021,Energy,57.25
Gujarat,2021,Industry,48.60000000000001
Gujarat,2021,Transportation,42.589999999999996
Gujarat,2021,Waste Management,13.25
Gujarat,2022,Agriculture,14.73
Gujarat,2022,Energy,44.16
Gujarat,2022,Industry,39.290000000000006
Gujarat,2022,Transportation,22.009999999999998
Gujarat,2022,Waste Management,12.31
Gujarat,2023,Agriculture,15.21
Gujarat,2023,Energy,75.16999999999999
Gujarat,2023,Industry,34.94
Gujarat,2023,Transportation,45.86000000000001
Gujarat,2023,Waste Management,13.58
Gujarat,2024,Agriculture,27.0
Gujarat,2024,Energy,76.92999999999999
Gujarat,2024,Industry,59.74
Gujarat,2024,Transportation,38.900000000000006
Gujarat,2024,Waste Management,13.620000000000001
Haryana,2010,Agriculture,12.149999999999999
Haryana,2010,Energy,65.58
Haryana,2010,Industry,26.339999999999996
Haryana,2010,Transportation,25.470000000000002
Haryana,2010,Waste Management,8.46
Haryana,2011,Agriculture,19.32
Haryana,2011,Energy,41.11
Haryana,2011,Industry,54.6
Haryana,2011,Transportation,49.529999999999994
Haryana,2011,Waste Management,12.700000000000001
Haryana,2012,Agriculture,18.580000000000002
Haryana,2012,Energy,46.72
Haryana,2012,Industry,43.21
Haryana,2012,Transportation,28.959999999999997
Haryana,2012,Waste Management,10.379999999999999
Haryana,2013,Agriculture,14.09
Haryana,2013,Energy,58.540000000000006
Haryana,2013,Industry,50.36
Haryana,2013,Transportation,46.63
Haryana,2013,Waste Management,10.91
Haryana,2014,Agriculture,26.36
Haryana,2014,Energy,59.55
Haryana,2014,Industry,30.88
Haryana,2014,Transportation,26.250000000000004
Haryana,2014,Waste Management,12.940000000000001
Haryana,2015,Agriculture,24.54
Haryana,2015,Energy,44.37
Haryana,2015,Industry,48.00000000000001
Haryana,2015,Transportation,27.37
Haryana,2015,Waste Management,10.33
Haryana,2016,Agriculture,22.990000000000002
Haryana,2016,Energy,64.27
Haryana,2016,Industry,28.04
Haryana,2016,Transportation,26.33
Haryana,2016,Waste Management,12.23
Haryana,2017,Agriculture,13.989999999999998
Haryana,2017,Energy,57.97
Haryana,2017,Industry,27.910000000000004
Haryana,2017,Transportation,22.830000000000002
Haryana,2017,Waste Management,13.7
Haryana,2018,Agriculture,22.16
Haryana,2018,Energy,46.24
Haryana,2018,Industry,39.72
Haryana,2018,Transportation,46.379999999999995
Haryana,2018,Waste Management,9.66
Haryana,2019,Agriculture,17.16
Haryana,2019,Energy,43.98
Haryana,2019,Industry,56.21
Haryana,2019,Transportation,25.29
Haryana,2019,Waste Management,12.309999999999999
Haryana,2020,Agriculture,14.55
Haryana,2020,Energy,51.64
Haryana,2020,Industry,25.47
Haryana,2020,Transportation,28.7
Haryana,2020,Waste Management,7.57
Haryana,2021,Agriculture,13.17
Haryana,2021,Energy,65.81
Haryana,2021,Industry,53.4
Haryana,2021,Transportation,41.209999999999994
Haryana,2021,Waste Management,15.11
Haryana,2022,Agriculture,19.05
Haryana,2022,Energy,74.18
Haryana,2022,Industry,33.39
Haryana,2022,Transportation,39.88
Haryana,2022,Waste Management,9.58
Haryana,2023,Agriculture,15.17
Haryana,2023,Energy,79.25000000000001
Haryana,2023,Industry,54.580000000000005
Haryana,2023,Transportation,33.29
Haryana,2023,Waste Management,10.899999999999999
Haryana,2024,Agriculture,24.97
Haryana,2024,Energy,49.64
Haryana,2024,Industry,28.759999999999998
Haryana,2024,Transportation,38.910000000000004
Haryana,2024,Waste Management,7.9
Himachal Pradesh,2010,Agriculture,22.04
Himachal Pradesh,2010,Energy,37.03
Himachal Pradesh,2010,Industry,28.459999999999997
Himachal Pradesh,2010,Transportation,29.54
Himachal Pradesh,2010,Waste Management,8.1
Himachal Pradesh,2011,Agriculture,18.3
Himachal Pradesh,2011,Energy,31.419999999999998
Himachal Pradesh,2011,Industry,46.93
Himachal Pradesh,2011,Transportation,38.029999999999994
Himachal Pradesh,2011,Waste Management,10.86
Himachal Pradesh,2012,Agriculture,18.14
Himachal Pradesh,2012,Energy,46.72999999999999
Himachal Pradesh,2012,Industry,45.21
Himachal Pradesh,2012,Transportation,26.450000000000003
Himachal Pradesh,2012,Waste Management,15.06
Himachal Pradesh,2013,Agriculture,26.32
Himachal Pradesh,2013,Energy,67.33
Himachal Pradesh,2013,Industry,49.65
Himachal Pradesh,2013,Transportation,27.980000000000004
Himachal Pradesh,2013,Waste Management,13.96
Himachal Pradesh,2014,Agriculture,18.689999999999998
Himachal Pradesh,2014,Energy,34.59
Himachal Pradesh,2014,Industry,38.94
Himachal Pradesh,2014,Transportation,43.18
Himachal Pradesh,2014,Waste Management,7.779999999999999
Himachal Pradesh,2015,Agriculture,12.21
Himachal Pradesh,2015,Energy,77.17
Himachal Pradesh,2015,Industry,24.83
Himachal Pradesh,2015,Transportation,23.859999999999996
Himachal Pradesh,2015,Waste Management,11.14
Himachal Pradesh,2016,Agriculture,26.880000000000003
Himachal Pradesh,2016,Energy,57.3
Himachal Pradesh,2016,Industry,58.65
Himachal Pradesh,2016,Transportation,39.97
Himachal Pradesh,2016,Waste Management,14.52
Himachal Pradesh,2017,Agriculture,13.61
Himachal Pradesh,2017,Energy,77.74000000000001
Himachal Pradesh,2017,Industry,26.84
Himachal Pradesh,2017,Transportation,37.85
Himachal Pradesh,2017,Waste Management,12.02
Himachal Pradesh,2018,Agriculture,23.04
Himachal Pradesh,2018,Energy,77.85
Himachal Pradesh,2018,Industry,54.690000000000005
Himachal Pradesh,2018,Transportation,29.22
Himachal Pradesh,2018,Waste Management,14.65
Himachal Pradesh,2019,Agriculture,17.64
Himachal Pradesh,2019,Energy,56.95
Himachal Pradesh,2019,Industry,24.82
Himachal Pradesh,2019,Transportation,21.150000000000002
Himachal Pradesh,2019,Waste Management,6.890000000000001
Himachal Pradesh,2020,Agriculture,21.08
Himachal Pradesh,2020,Energy,44.550000000000004
Himachal Pradesh,2020,Industry,36.17
Himachal Pradesh,2020,Transportation,45.190000000000005
Himachal Pradesh,2020,Waste Management,11.879999999999999
Himachal Pradesh,2021,Agriculture,22.450000000000003
Himachal Pradesh,2021,Energy,46.24
Himachal Pradesh,2021,Industry,51.010000000000005
Himachal Pradesh,2021,Transportation,48.41
Himachal Pradesh,2021,Waste Management,9.48
Himachal Pradesh,2022,Agriculture,16.990000000000002
Himachal Pradesh,2022,Energy,58.620000000000005
Himachal Pradesh,2022,Industry,57.19
Himachal Pradesh,2022,Transportation,20.81
Himachal Pradesh,2022,Waste Management,15.77
Himachal Pradesh,2023,Agriculture,12.5
Himachal Pradesh,2023,Energy,58.629999999999995
Himachal Pradesh,2023,Industry,35.94
Himachal Pradesh,2023,Transportation,31.72
Himachal Pradesh,2023,Waste Management,12.010000000000002
Himachal Pradesh,2024,Agriculture,11.45
Himachal Pradesh,2024,Energy,71.26
Himachal Pradesh,2024,Industry,53.56
Himachal Pradesh,2024,Transportation,24.91
Himachal Pradesh,2024,Waste Management,10.98
Jharkhand,2010,Agriculture,14.07
Jharkhand,2010,Energy,74.07
Jharkhand,2010,Industry,26.230000000000004
Jharkhand,2010,Transportation,22.509999999999998
Jharkhand,2010,Waste Management,14.98
Jharkhand,2011,Agriculture,22.77
Jharkhand,2011,Energy,32.45
Jharkhand,2011,Industry,47.6
Jharkhand,2011,Transportation,24.000000000000004
Jharkhand,2011,Waste Management,9.21
Jharkhand,2012,Agriculture,20.189999999999998
Jharkhand,2012,Energy,78.81
Jharkhand,2012,Industry,49.370000000000005
Jharkhand,2012,Transportation,26.73
Jharkhand,2012,Waste Management,13.290000000000001
Jharkhand,2013,Agriculture,13.830000000000002
Jharkhand,2013,Energy,73.78999999999999
Jharkhand,2013,Industry,34.480000000000004
Jharkhand,2013,Transportation,34.61
Jharkhand,2013,Waste Management,11.23
Jharkhand,2014,Agriculture,14.450000000000001
Jharkhand,2014,Energy,47.7
Jharkhand,2014,Industry,41.5
Jharkhand,2014,Transportation,37.34
Jharkhand,2014,Waste Management,7.38
Jharkhand,2015,Agriculture,15.77
Jharkhand,2015,Energy,39.57
Jharkhand,2015,Industry,44.67
Jharkhand,2015,Transportation,34.42
Jharkhand,2015,Waste Management,8.28
Jharkhand,2016,Agriculture,26.240000000000002
Jharkhand,2016,Energy,76.46000000000001
Jharkhand,2016,Industry,31.47
Jharkhand,2016,Transportation,43.379999999999995
Jharkhand,2016,Waste Management,6.37
Jharkhand,2017,Agriculture,19.37
Jharkhand,2017,Energy,43.76
Jharkhand,2017,Industry,29.5
Jharkhand,2017,Transportation,47.79
Jharkhand,2017,Waste Management,12.97
Jharkhand,2018,Agriculture,23.369999999999997
Jharkhand,2018,Energy,75.03
Jharkhand,2018,Industry,33.8
Jharkhand,2018,Transportation,24.84
Jharkhand,2018,Waste Management,9.510000000000002
Jharkhand,2019,Agriculture,19.45
Jharkhand,2019,Energy,58.72
Jharkhand,2019,Industry,51.7
Jharkhand,2019,Transportation,33.58
Jharkhand,2019,Waste Management,9.86
Jharkhand,2020,Agriculture,22.09
Jharkhand,2020,Energy,42.69
Jharkhand,2020,Industry,63.459999999999994
Jharkhand,2020,Transportation,45.69
Jharkhand,2020,Waste Management,15.68
Jharkhand,2021,Agriculture,16.8
Jharkhand,2021,Energy,75.82000000000001
Jharkhand,2021,Industry,45.79
Jharkhand,2021,Transportation,20.68
Jharkhand,2021,Waste Management,8.08
Jharkhand,2022,Agriculture,16.23
Jharkhand,2022,Energy,50.03
Jharkhand,2022,Industry,47.129999999999995
Jharkhand,2022,Transportation,33.06
Jharkhand,2022,Waste Management,16.39
Jharkhand,2023,Agriculture,26.200000000000003
Jharkhand,2023,Energy,73.69000000000001
Jharkhand,2023,Industry,51.38
Jharkhand,2023,Transportation,44.459999999999994
Jharkhand,2023,Waste Management,16.509999999999998
Jharkhand,2024,Agriculture,14.98
Jharkhand,2024,Energy,77.41000000000001
Jharkhand,2024,Industry,42.23
Jharkhand,2024,Transportation,36.26
Jharkhand,2024,Waste Management,12.5
Karnataka,2010,Agriculture,20.79
Karnataka,2010,Energy,50.949999999999996
Karnataka,2010,Industry,65.54
Karnataka,2010,Transportation,48.93
Karnataka,2010,Waste Management,11.129999999999999
Karnataka,2011,Agriculture,14.620000000000001
Karnataka,2011,Energy,48.599999999999994
Karnataka,2011,Industry,43.82
Karnataka,2011,Transportation,47.43000000000001
Karnataka,2011,Waste Management,14.23
Karnataka,2012,Agriculture,19.41
Karnataka,2012,Energy,68.15
Karnataka,2012,Industry,25.75
Karnataka,2012,Transportation,47.339999999999996
Karnataka,2012,Waste Management,12.510000000000002
Karnataka,2013,Agriculture,18.57
Karnataka,2013,Energy,33.959999999999994
Karnataka,2013,Industry,61.769999999999996
Karnataka,2013,Transportation,43.96
Karnataka,2013,Waste Management,9.37
Karnataka,2014,Agriculture,21.29
Karnataka,2014,Energy,62.72
Karnataka,2014,Industry,27.73
Karnataka,2014,Transportation,21.869999999999997
Karnataka,2014,Waste Management,10.69
Karnataka,2015,Agriculture,19.09
Karnataka,2015,Energy,33.68
Karnataka,2015,Industry,41.7
Karnataka,2015,Transportation,40.300000000000004
Karnataka,2015,Waste Management,8.38
Karnataka,2016,Agriculture,20.79
Karnataka,2016,Energy,63.15
Karnataka,2016,Industry,27.810000000000002
Karnataka,2016,Transportation,47.43
Karnataka,2016,Waste Management,8.61
Karnataka,2017,Agriculture,18.47
Karnataka,2017,Energy,74.01
Karnataka,2017,Industry,55.85000000000001
Karnataka,2017,Transportation,33.33
Karnataka,2017,Waste Management,13.920000000000002
Karnataka,2018,Agriculture,23.380000000000003
Karnataka,2018,Energy,59.98
Karnataka,2018,Industry,31.3
Karnataka,2018,Transportation,18.86
Karnataka,2018,Waste Management,16.14
Karnataka,2019,Agriculture,18.93
Karnataka,2019,Energy,71.80000000000001
Karnataka,2019,Industry,45.74000000000001
Karnataka,2019,Transportation,24.110000000000003
Karnataka,2019,Waste Management,12.510000000000002
Karnataka,2020,Agriculture,26.04
Karnataka,2020,Energy,79.32
Karnataka,2020,Industry,24.439999999999998
Karnataka,2020,Transportation,25.950000000000003
Karnataka,2020,Waste Management,10.52
Karnataka,2021,Agriculture,19.4
Karnataka,2021,Energy,58.02
Karnataka,2021,Industry,28.43
Karnataka,2021,Transportation,28.86
Karnataka,2021,Waste Management,10.26
Karnataka,2022,Agriculture,19.310000000000002
Karnataka,2022,Energy,56.940000000000005
Karnataka,2022,Industry,44.919999999999995
Karnataka,2022,Transportation,41.6
Karnataka,2022,Waste Management,8.56
Karnataka,2023,Agriculture,20.1
Karnataka,2023,Energy,69.34
Karnataka,2023,Industry,50.46
Karnataka,2023,Transportation,36.28
Karnataka,2023,Waste Management,8.25
Karnataka,2024,Agriculture,17.31
Karnataka,2024,Energy,73.41
Karnataka,2024,Industry,59.099999999999994
Karnataka,2024,Transportation,24.44
Karnataka,2024,Waste Management,13.18
Kerala,2010,Agriculture,19.67
Kerala,2010,Energy,74.66000000000001
Kerala,2010,Industry,46.370000000000005
Kerala,2010,Transportation,37.66
Kerala,2010,Waste Management,10.57
Kerala,2011,Agriculture,15.62
Kerala,2011,Energy,63.92
Kerala,2011,Industry,27.890000000000004
Kerala,2011,Transportation,45.36
Kerala,2011,Waste Management,9.14
Kerala,2012,Agriculture,12.64
Kerala,2012,Energy,57.18000000000001
Kerala,2012,Industry,47.019999999999996
Kerala,2012,Transportation,38.870000000000005
Kerala,2012,Waste Management,10.31
Kerala,2013,Agriculture,23.75
Kerala,2013,Energy,70.28999999999999
Kerala,2013,Industry,38.61
Kerala,2013,Transportation,47.169999999999995
Kerala,2013,Waste Management,14.55
Kerala,2014,Agriculture,18.42
Kerala,2014,Energy,53.040000000000006
Kerala,2014,Industry,59.0
Kerala,2014,Transportation,24.01
Kerala,2014,Waste Management,11.739999999999998
Kerala,2015,Agriculture,12.33
Kerala,2015,Energy,59.36000000000001
Kerala,2015,Industry,48.65
Kerala,2015,Transportation,42.69
Kerala,2015,Waste Management,12.780000000000001
Kerala,2016,Agriculture,16.26
Kerala,2016,Energy,65.44
Kerala,2016,Industry,44.529999999999994
Kerala,2016,Transportation,21.76
Kerala,2016,Waste Management,13.950000000000001
Kerala,2017,Agriculture,19.97
Kerala,2017,Energy,76.85000000000001
Kerala,2017,Industry,28.8
Kerala,2017,Transportation,31.020000000000003
Kerala,2017,Waste Management,14.91
Kerala,2018,Agriculture,21.95
Kerala,2018,Energy,64.17999999999999
Kerala,2018,Industry,56.010000000000005
Kerala,2018,Transportation,25.789999999999996
Kerala,2018,Waste Management,10.350000000000001
Kerala,2019,Agriculture,15.42
Kerala,2019,Energy,50.949999999999996
Kerala,2019,Industry,38.59
Kerala,2019,Transportation,40.78
Kerala,2019,Waste Management,15.739999999999998
Kerala,2020,Agriculture,16.7
Kerala,2020,Energy,35.699999999999996
Kerala,2020,Industry,45.32
Kerala,2020,Transportation,34.160000000000004
Kerala,2020,Waste Management,14.09
Kerala,2021,Agriculture,15.55
Kerala,2021,Energy,66.12
Kerala,2021,Industry,30.09
Kerala,2021,Transportation,28.74
Kerala,2021,Waste Management,9.24
Kerala,2022,Agriculture,17.3
Kerala,2022,Energy,53.03
Kerala,2022,Industry,28.45
Kerala,2022,Transportation,27.66
Kerala,2022,Waste Management,10.719999999999999
Kerala,2023,Agriculture,13.059999999999999
Kerala,2023,Energy,42.779999999999994
Kerala,2023,Industry,33.11
Kerala,2023,Transportation,44.36
Kerala,2023,Waste Management,12.57
Kerala,2024,Agriculture,24.08
Kerala,2024,Energy,50.01
Kerala,2024,Industry,38.26
Kerala,2024,Transportation,35.76
Kerala,2024,Waste Management,12.74
Madhya Pradesh,2010,Agriculture,16.34
Madhya Pradesh,2010,Energy,57.78
Madhya Pradesh,2010,Industry,50.67
Madhya Pradesh,2010,Transportation,26.189999999999998
Madhya Pradesh,2010,Waste Management,12.06
Madhya Pradesh,2011,Agriculture,15.919999999999998
Madhya Pradesh,2011,Energy,64.21000000000001
Madhya Pradesh,2011,Industry,27.48
Madhya Pradesh,2011,Transportation,23.869999999999997
Madhya Pradesh,2011,Waste Management,12.149999999999999
Madhya Pradesh,2012,Agriculture,15.059999999999999
Madhya Pradesh,2012,Energy,48.93000000000001
Madhya Pradesh,2012,Industry,38.07
Madhya Pradesh,2012,Transportation,22.73
Madhya Pradesh,2012,Waste Management,10.21
Madhya Pradesh,2013,Agriculture,18.740000000000002
Madhya Pradesh,2013,Energy,41.28
Madhya Pradesh,2013,Industry,26.0
Madhya Pradesh,2013,Transportation,31.07
Madhya Pradesh,2013,Waste Management,11.59
Madhya Pradesh,2014,Agriculture,20.22
Madhya Pradesh,2014,Energy,77.21000000000001
Madhya Pradesh,2014,Industry,47.49
Madhya Pradesh,2014,Transportation,20.48
Madhya Pradesh,2014,Waste Management,9.760000000000002
Madhya Pradesh,2015,Agriculture,12.79
Madhya Pradesh,2015,Energy,71.08999999999999
Madhya Pradesh,2015,Industry,39.76
Madhya Pradesh,2015,Transportation,36.79
Madhya Pradesh,2015,Waste Management,16.23
Madhya Pradesh,2016,Agriculture,26.509999999999998
Madhya Pradesh,2016,Energy,34.48
Madhya Pradesh,2016,Industry,47.44
Madhya Pradesh,2016,Transportation,22.439999999999998
Madhya Pradesh,2016,Waste Management,13.08
Madhya Pradesh,2017,Agriculture,15.6
Madhya Pradesh,2017,Energy,48.269999999999996
Madhya Pradesh,2017,Industry,53.35
Madhya Pradesh,2017,Transportation,24.78
Madhya Pradesh,2017,Waste Management,9.88
Madhya Pradesh,2018,Agriculture,25.16
Madhya Pradesh,2018,Energy,50.50999999999999
Madhya Pradesh,2018,Industry,39.69
Madhya Pradesh,2018,Transportation,48.49
Madhya Pradesh,2018,Waste Management,8.64
Madhya Pradesh,2019,Agriculture,22.619999999999997
Madhya Pradesh,2019,Energy,70.05000000000001
Madhya Pradesh,2019,Industry,49.330000000000005
Madhya Pradesh,2019,Transportation,44.160000000000004
Madhya Pradesh,2019,Waste Management,10.69
Madhya Pradesh,2020,Agriculture,25.240000000000002
Madhya Pradesh,2020,Energy,65.79
Madhya Pradesh,2020,Industry,38.550000000000004
Madhya Pradesh,2020,Transportation,33.9
Madhya Pradesh,2020,Waste Management,14.21
Madhya Pradesh,2021,Agriculture,16.759999999999998
Madhya Pradesh,2021,Energy,41.97
Madhya Pradesh,2021,Industry,51.989999999999995
Madhya Pradesh,2021,Transportation,44.839999999999996
Madhya Pradesh,2021,Waste Management,15.239999999999998
Madhya Pradesh,2022,Agriculture,18.380000000000003
Madhya Pradesh,2022,Energy,42.0
Madhya Pradesh,2022,Industry,31.450000000000003
Madhya Pradesh,2022,Transportation,25.59
Madhya Pradesh,2022,Waste Management,10.43
Madhya Pradesh,2023,Agriculture,17.830000000000002
Madhya Pradesh,2023,Energy,38.949999999999996
Madhya Pradesh,2023,Industry,49.52
Madhya Pradesh,2023,Transportation,42.18
Madhya Pradesh,2023,Waste Management,8.79
Madhya Pradesh,2024,Agriculture,22.86
Madhya Pradesh,2024,Energy,76.39
Madhya Pradesh,2024,Industry,54.129999999999995
Madhya Pradesh,2024,Transportation,21.84
Madhya Pradesh,2024,Waste Management,16.61
Maharashtra,2010,Agriculture,22.47
Maharashtra,2010,Energy,67.58
Maharashtra,2010,Industry,58.67
Maharashtra,2010,Transportation,46.03
Maharashtra,2010,Waste Management,9.239999999999998
Maharashtra,2011,Agriculture,25.369999999999997
Maharashtra,2011,Energy,30.29
Maharashtra,2011,Industry,34.6
Maharashtra,2011,Transportation,39.51
Maharashtra,2011,Waste Management,15.01
Maharashtra,2012,Agriculture,15.979999999999999
Maharashtra,2012,Energy,62.59
Maharashtra,2012,Industry,37.75
Maharashtra,2012,Transportation,39.489999999999995
Maharashtra,2012,Waste Management,11.190000000000001
Maharashtra,2013,Agriculture,17.67
Maharashtra,2013,Energy,61.08
Maharashtra,2013,Industry,62.089999999999996
Maharashtra,2013,Transportation,39.14
Maharashtra,2013,Waste Management,14.950000000000001
Maharashtra,2014,Agriculture,21.36
Maharashtra,2014,Energy,60.36
Maharashtra,2014,Industry,58.99
Maharashtra,2014,Transportation,28.32
Maharashtra,2014,Waste Management,8.3
Maharashtra,2015,Agriculture,25.44
Maharashtra,2015,Energy,59.510000000000005
Maharashtra,2015,Industry,57.75
Maharashtra,2015,Transportation,46.160000000000004
Maharashtra,2015,Waste Management,10.27
Maharashtra,2016,Agriculture,21.490000000000002
Maharashtra,2016,Energy,38.67
Maharashtra,2016,Industry,51.95
Maharashtra,2016,Transportation,38.959999999999994
Maharashtra,2016,Waste Management,7.6499999999999995
Maharashtra,2017,Agriculture,19.5
Maharashtra,2017,Energy,68.46000000000001
Maharashtra,2017,Industry,45.3
Maharashtra,2017,Transportation,38.35
Maharashtra,2017,Waste Management,16.02
Maharashtra,2018,Agriculture,20.82
Maharashtra,2018,Energy,47.61000000000001
Maharashtra,2018,Industry,27.97
Maharashtra,2018,Transportation,28.53
Maharashtra,2018,Waste Management,7.89
Maharashtra,2019,Agriculture,21.23
Maharashtra,2019,Energy,38.54
Maharashtra,2019,Industry,46.57
Maharashtra,2019,Transportation,45.71000000000001
Maharashtra,2019,Waste Management,13.31
Maharashtra,2020,Agriculture,19.85
Maharashtra,2020,Energy,75.82000000000001
Maharashtra,2020,Industry,57.51
Maharashtra,2020,Transportation,26.75
Maharashtra,2020,Waste Management,15.11
Maharashtra,2021,Agriculture,13.95
Maharashtra,2021,Energy,30.36
Maharashtra,2021,Industry,63.64000000000001
Maharashtra,2021,Transportation,37.690000000000005
Maharashtra,2021,Waste Management,9.84
Maharashtra,2022,Agriculture,12.82
Maharashtra,2022,Energy,68.65
Maharashtra,2022,Industry,32.61
Maharashtra,2022,Transportation,44.19
Maharashtra,2022,Waste Management,14.16
Maharashtra,2023,Agriculture,16.15
Maharashtra,2023,Energy,65.41000000000001
Maharashtra,2023,Industry,52.050000000000004
Maharashtra,2023,Transportation,21.869999999999997
Maharashtra,2023,Waste Management,12.57
Maharashtra,2024,Agriculture,18.47
Maharashtra,2024,Energy,33.6
Maharashtra,2024,Industry,35.36
Maharashtra,2024,Transportation,39.779999999999994
Maharashtra,2024,Waste Management,10.379999999999999
Manipur,2010,Agriculture,21.349999999999998
Manipur,2010,Energy,38.830000000000005
Manipur,2010,Industry,61.29
Manipur,2010,Transportation,18.5
Manipur,2010,Waste Management,12.530000000000001
Manipur,2011,Agriculture,18.060000000000002
Manipur,2011,Energy,47.239999999999995
Manipur,2011,Industry,35.24
Manipur,2011,Transportation,30.0
Manipur,2011,Waste Management,12.37
Manipur,2012,Agriculture,16.96
Manipur,2012,Energy,61.74
Manipur,2012,Industry,52.71
Manipur,2012,Transportation,43.73
Manipur,2012,Waste Management,9.379999999999999
Manipur,2013,Agriculture,18.62
Manipur,2013,Energy,65.29
Manipur,2013,Industry,42.82
Manipur,2013,Transportation,42.22
Manipur,2013,Waste Management,15.760000000000002
Manipur,2014,Agriculture,14.459999999999999
Manipur,2014,Energy,58.69
Manipur,2014,Industry,34.82
Manipur,2014,Transportation,21.21
Manipur,2014,Waste Management,8.719999999999999
Manipur,2015,Agriculture,12.98
Manipur,2015,Energy,31.769999999999996
Manipur,2015,Industry,54.39
Manipur,2015,Transportation,42.120000000000005
Manipur,2015,Waste Management,8.940000000000001
Manipur,2016,Agriculture,18.08
Manipur,2016,Energy,51.06
Manipur,2016,Industry,62.7
Manipur,2016,Transportation,22.669999999999998
Manipur,2016,Waste Management,10.809999999999999
Manipur,2017,Agriculture,16.84
Manipur,2017,Energy,36.59
Manipur,2017,Industry,56.77
Manipur,2017,Transportation,39.86
Manipur,2017,Waste Management,7.54
Manipur,2018,Agriculture,21.27
Manipur,2018,Energy,37.91
Manipur,2018,Industry,57.169999999999995
Manipur,2018,Transportation,27.200000000000003
Manipur,2018,Waste Management,13.98
Manipur,2019,Agriculture,14.370000000000001
Manipur,2019,Energy,52.86
Manipur,2019,Industry,51.03
Manipur,2019,Transportation,38.44
Manipur,2019,Waste Management,12.02
Manipur,2020,Agriculture,19.02
Manipur,2020,Energy,48.36
Manipur,2020,Industry,44.709999999999994
Manipur,2020,Transportation,45.64
Manipur,2020,Waste Management,9.94
Manipur,2021,Agriculture,17.6
Manipur,2021,Energy,47.17999999999999
Manipur,2021,Industry,38.01
Manipur,2021,Transportation,35.800000000000004
Manipur,2021,Waste Management,9.329999999999998
Manipur,2022,Agriculture,17.66
Manipur,2022,Energy,64.83999999999999
Manipur,2022,Industry,64.3
Manipur,2022,Transportation,29.46
Manipur,2022,Waste Management,14.969999999999999
Manipur,2023,Agriculture,16.44
Manipur,2023,Energy,66.98
Manipur,2023,Industry,52.769999999999996
Manipur,2023,Transportation,34.02
Manipur,2023,Waste Management,11.120000000000001
Manipur,2024,Agriculture,19.82
Manipur,2024,Energy,79.58000000000001
Manipur,2024,Industry,47.15
Manipur,2024,Transportation,34.900000000000006
Manipur,2024,Waste Management,11.55
Meghalaya,2010,Agriculture,15.51
Meghalaya,2010,Energy,55.6
Meghalaya,2010,Industry,62.92
Meghalaya,2010,Transportation,27.9
Meghalaya,2010,Waste Management,17.21
Meghalaya,2011,Agriculture,19.009999999999998
Meghalaya,2011,Energy,46.75
Meghalaya,2011,Industry,49.370000000000005
Meghalaya,2011,Transportation,30.450000000000003
Meghalaya,2011,Waste Management,10.66
Meghalaya,2012,Agriculture,17.78
Meghalaya,2012,Energy,56.15
Meghalaya,2012,Industry,32.32
Meghalaya,2012,Transportation,25.89
Meghalaya,2012,Waste Management,11.71
Meghalaya,2013,Agriculture,17.18
Meghalaya,2013,Energy,45.34
Meghalaya,2013,Industry,51.75
Meghalaya,2013,Transportation,43.19
Meghalaya,2013,Waste Management,10.29
Meghalaya,2014,Agriculture,15.370000000000001
Meghalaya,2014,Energy,45.29
Meghalaya,2014,Industry,51.449999999999996
Meghalaya,2014,Transportation,47.78
Meghalaya,2014,Waste Management,13.3
Meghalaya,2015,Agriculture,18.7
Meghalaya,2015,Energy,46.169999999999995
Meghalaya,2015,Industry,32.13
Meghalaya,2015,Transportation,33.39
Meghalaya,2015,Waste Management,11.100000000000001
Meghalaya,2016,Agriculture,11.61
Meghalaya,2016,Energy,70.64
Meghalaya,2016,Industry,50.47
Meghalaya,2016,Transportation,25.21
Meghalaya,2016,Waste Management,10.540000000000001
Meghalaya,2017,Agriculture,20.34
Meghalaya,2017,Energy,67.43
Meghalaya,2017,Industry,26.950000000000003
Meghalaya,2017,Transportation,39.1
Meghalaya,2017,Waste Management,10.14
Meghalaya,2018,Agriculture,21.02
Meghalaya,2018,Energy,71.42
Meghalaya,2018,Industry,35.98
Meghalaya,2018,Transportation,46.66
Meghalaya,2018,Waste Management,13.280000000000001
Meghalaya,2019,Agriculture,12.98
Meghalaya,2019,Energy,45.92
Meghalaya,2019,Industry,54.12
Meghalaya,2019,Transportation,23.229999999999997
Meghalaya,2019,Waste Management,11.44
Meghalaya,2020,Agriculture,17.8
Meghalaya,2020,Energy,76.82000000000001
Meghalaya,2020,Industry,63.989999999999995
Meghalaya,2020,Transportation,38.16
Meghalaya,2020,Waste Management,14.96
Meghalaya,2021,Agriculture,20.18
Meghalaya,2021,Energy,66.37
Meghalaya,2021,Industry,58.71
Meghalaya,2021,Transportation,28.75
Meghalaya,2021,Waste Management,12.5
Meghalaya,2022,Agriculture,17.41
Meghalaya,2022,Energy,38.260000000000005
Meghalaya,2022,Industry,52.62
Meghalaya,2022,Transportation,19.69
Meghalaya,2022,Waste Management,14.41
Meghalaya,2023,Agriculture,20.93
Meghalaya,2023,Energy,55.43
Meghalaya,2023,Industry,57.68000000000001
Meghalaya,2023,Transportation,45.47
Meghalaya,2023,Waste Management,11.31
Meghalaya,2024,Agriculture,21.18
Meghalaya,2024,Energy,53.2
Meghalaya,2024,Industry,32.5
Meghalaya,2024,Transportation,32.15
Meghalaya,2024,Waste Management,9.35
Mizoram,2010,Agriculture,19.31
Mizoram,2010,Energy,32.5
Mizoram,2010,Industry,33.67
Mizoram,2010,Transportation,47.46
Mizoram,2010,Waste Management,13.0
Mizoram,2011,Agriculture,11.690000000000001
Mizoram,2011,Energy,50.15
Mizoram,2011,Industry,57.169999999999995
Mizoram,2011,Transportation,42.4
Mizoram,2011,Waste Management,9.79
Mizoram,2012,Agriculture,20.84
Mizoram,2012,Energy,33.870000000000005
Mizoram,2012,Industry,30.729999999999997
Mizoram,2012,Transportation,23.05
Mizoram,2012,Waste Management,15.579999999999998
Mizoram,2013,Agriculture,22.32
Mizoram,2013,Energy,56.47
Mizoram,2013,Industry,46.059999999999995
Mizoram,2013,Transportation,39.120000000000005
Mizoram,2013,Waste Management,14.69
Mizoram,2014,Agriculture,21.84
Mizoram,2014,Energy,35.81
Mizoram,2014,Industry,46.94
Mizoram,2014,Transportation,39.480000000000004
Mizoram,2014,Waste Management,13.100000000000001
Mizoram,2015,Agriculture,18.57
Mizoram,2015,Energy,67.72
Mizoram,2015,Industry,36.23
Mizoram,2015,Transportation,45.74
Mizoram,2015,Waste Management,10.579999999999998
Mizoram,2016,Agriculture,23.58
Mizoram,2016,Energy,43.550000000000004
Mizoram,2016,Industry,49.28
Mizoram,2016,Transportation,35.510000000000005
Mizoram,2016,Waste Management,9.7
Mizoram,2017,Agriculture,15.34
Mizoram,2017,Energy,78.16
Mizoram,2017,Industry,37.49
Mizoram,2017,Transportation,43.53999999999999
Mizoram,2017,Waste Management,9.81
Mizoram,2018,Agriculture,22.38
Mizoram,2018,Energy,48.68
Mizoram,2018,Industry,61.64
Mizoram,2018,Transportation,26.970000000000002
Mizoram,2018,Waste Management,15.959999999999999
Mizoram,2019,Agriculture,24.83
Mizoram,2019,Energy,34.2
Mizoram,2019,Industry,57.48
Mizoram,2019,Transportation,48.50000000000001
Mizoram,2019,Waste Management,11.18
Mizoram,2020,Agriculture,21.63
Mizoram,2020,Energy,52.230000000000004
Mizoram,2020,Industry,28.24
Mizoram,2020,Transportation,33.54
Mizoram,2020,Waste Management,14.879999999999999
Mizoram,2021,Agriculture,18.560000000000002
Mizoram,2021,Energy,56.11
Mizoram,2021,Industry,29.82
Mizoram,2021,Transportation,27.93
Mizoram,2021,Waste Management,15.830000000000002
Mizoram,2022,Agriculture,22.0
Mizoram,2022,Energy,44.38
Mizoram,2022,Industry,61.63
Mizoram,2022,Transportation,35.81
Mizoram,2022,Waste Management,14.97
Mizoram,2023,Agriculture,14.75
Mizoram,2023,Energy,71.53
Mizoram,2023,Industry,53.46
Mizoram,2023,Transportation,18.78
Mizoram,2023,Waste Management,10.27
Mizoram,2024,Agriculture,16.29
Mizoram,2024,Energy,55.29
Mizoram,2024,Industry,29.979999999999997
Mizoram,2024,Transportation,26.15
Mizoram,2024,Waste Management,10.31
Nagaland,2010,Agriculture,23.3
Nagaland,2010,Energy,65.32
Nagaland,2010,Industry,35.59
Nagaland,2010,Transportation,38.0
Nagaland,2010,Waste Management,11.59
Nagaland,2011,Agriculture,16.990000000000002
Nagaland,2011,Energy,61.400000000000006
Nagaland,2011,Industry,52.89
Nagaland,2011,Transportation,37.49
Nagaland,2011,Waste Management,13.23
Nagaland,2012,Agriculture,25.47
Nagaland,2012,Energy,75.94
Nagaland,2012,Industry,52.410000000000004
Nagaland,2012,Transportation,32.309999999999995
Nagaland,2012,Waste Management,14.62
Nagaland,2013,Agriculture,23.630000000000003
Nagaland,2013,Energy,67.74
Nagaland,2013,Industry,28.060000000000002
Nagaland,2013,Transportation,43.19
Nagaland,2013,Waste Management,10.41
Nagaland,2014,Agriculture,15.93
Nagaland,2014,Energy,67.87
Nagaland,2014,Industry,50.660000000000004
Nagaland,2014,Transportation,48.650000000000006
Nagaland,2014,Waste Management,12.100000000000001
Nagaland,2015,Agriculture,22.97
Nagaland,2015,Energy,59.12
Nagaland,2015,Industry,38.88
Nagaland,2015,Transportation,46.67999999999999
Nagaland,2015,Waste Management,8.77
Nagaland,2016,Agriculture,19.63
Nagaland,2016,Energy,48.46
Nagaland,2016,Industry,28.01
Nagaland,2016,Transportation,35.33
Nagaland,2016,Waste Management,12.59
Nagaland,2017,Agriculture,14.879999999999999
Nagaland,2017,Energy,44.8
Nagaland,2017,Industry,44.099999999999994
Nagaland,2017,Transportation,28.54
Nagaland,2017,Waste Management,11.86
Nagaland,2018,Agriculture,19.299999999999997
Nagaland,2018,Energy,47.75
Nagaland,2018,Industry,27.0
Nagaland,2018,Transportation,44.150000000000006
Nagaland,2018,Waste Management,13.64
Nagaland,2019,Agriculture,21.71
Nagaland,2019,Energy,39.739999999999995
Nagaland,2019,Industry,36.71
Nagaland,2019,Transportation,19.44
Nagaland,2019,Waste Management,14.27
Nagaland,2020,Agriculture,18.299999999999997
Nagaland,2020,Energy,71.78999999999999
Nagaland,2020,Industry,38.47
Nagaland,2020,Transportation,41.13
Nagaland,2020,Waste Management,9.030000000000001
Nagaland,2021,Agriculture,20.78
Nagaland,2021,Energy,37.18
Nagaland,2021,Industry,31.53
Nagaland,2021,Transportation,39.21
Nagaland,2021,Waste Management,16.990000000000002
Nagaland,2022,Agriculture,16.85
Nagaland,2022,Energy,37.07
Nagaland,2022,Industry,26.349999999999998
Nagaland,2022,Transportation,26.99
Nagaland,2022,Waste Management,6.73
Nagaland,2023,Agriculture,19.619999999999997
Nagaland,2023,Energy,69.64999999999999
Nagaland,2023,Industry,36.53
Nagaland,2023,Transportation,23.470000000000002
Nagaland,2023,Waste Management,10.81
Nagaland,2024,Agriculture,23.23
Nagaland,2024,Energy,80.86
Nagaland,2024,Industry,33.47
Nagaland,2024,Transportation,28.55
Nagaland,2024,Waste Management,10.02
Odisha,2010,Agriculture,18.93
Odisha,2010,Energy,34.22
Odisha,2010,Industry,38.71
Odisha,2010,Transportation,38.50000000000001
Odisha,2010,Waste Management,13.33
Odisha,2011,Agriculture,20.509999999999998
Odisha,2011,Energy,60.800000000000004
Odisha,2011,Industry,53.849999999999994
Odisha,2011,Transportation,40.75
Odisha,2011,Waste Management,11.17
Odisha,2012,Agriculture,15.64
Odisha,2012,Energy,63.79
Odisha,2012,Industry,37.94
Odisha,2012,Transportation,43.019999999999996
Odisha,2012,Waste Management,11.01
Odisha,2013,Agriculture,19.740000000000002
Odisha,2013,Energy,69.99
Odisha,2013,Industry,35.12
Odisha,2013,Transportation,42.690000000000005
Odisha,2013,Waste Management,14.030000000000001
Odisha,2014,Agriculture,23.54
Odisha,2014,Energy,64.58
Odisha,2014,Industry,26.939999999999998
Odisha,2014,Transportation,30.770000000000003
Odisha,2014,Waste Management,10.75
Odisha,2015,Agriculture,22.46
Odisha,2015,Energy,71.19999999999999
Odisha,2015,Industry,47.7
Odisha,2015,Transportation,35.230000000000004
Odisha,2015,Waste Management,12.42
Odisha,2016,Agriculture,13.04
Odisha,2016,Energy,42.92
Odisha,2016,Industry,28.759999999999998
Odisha,2016,Transportation,47.65
Odisha,2016,Waste Management,10.600000000000001
Odisha,2017,Agriculture,13.42
Odisha,2017,Energy,41.06
Odisha,2017,Industry,49.8
Odisha,2017,Transportation,40.93
Odisha,2017,Waste Management,8.51
Odisha,2018,Agriculture,17.87
Odisha,2018,Energy,74.57
Odisha,2018,Industry,38.839999999999996
Odisha,2018,Transportation,33.0
Odisha,2018,Waste Management,14.08
Odisha,2019,Agriculture,24.27
Odisha,2019,Energy,45.99
Odisha,2019,Industry,61.57
Odisha,2019,Transportation,21.31
Odisha,2019,Waste Management,12.670000000000002
Odisha,2020,Agriculture,22.77
Odisha,2020,Energy,60.96
Odisha,2020,Industry,28.750000000000004
Odisha,2020,Transportation,23.990000000000002
Odisha,2020,Waste Management,9.940000000000001
Odisha,2021,Agriculture,11.58
Odisha,2021,Energy,74.62999999999998
Odisha,2021,Industry,63.06
Odisha,2021,Transportation,38.15
Odisha,2021,Waste Management,8.77
Odisha,2022,Agriculture,24.95
Odisha,2022,Energy,78.62
Odisha,2022,Industry,35.65
Odisha,2022,Transportation,22.21
Odisha,2022,Waste Management,7.38
Odisha,2023,Agriculture,18.189999999999998
Odisha,2023,Energy,48.13
Odisha,2023,Industry,23.73
Odisha,2023,Transportation,38.059999999999995
Odisha,2023,Waste Management,9.690000000000001
Odisha,2024,Agriculture,23.79
Odisha,2024,Energy,52.18
Odisha,2024,Industry,52.48
Odisha,2024,Transportation,42.53
Odisha,2024,Waste Management,11.370000000000001
Punjab,2010,Agriculture,20.78
Punjab,2010,Energy,38.52
Punjab,2010,Industry,45.989999999999995
Punjab,2010,Transportation,30.599999999999998
Punjab,2010,Waste Management,11.55
Punjab,2011,Agriculture,22.59
Punjab,2011,Energy,76.91
Punjab,2011,Industry,58.03999999999999
Punjab,2011,Transportation,43.75000000000001
Punjab,2011,Waste Management,14.88
Punjab,2012,Agriculture,12.06
Punjab,2012,Energy,46.07000000000001
Punjab,2012,Industry,47.46
Punjab,2012,Transportation,48.3
Punjab,2012,Waste Management,9.98
Punjab,2013,Agriculture,20.630000000000003
Punjab,2013,Energy,74.23
Punjab,2013,Industry,35.71
Punjab,2013,Transportation,46.31
Punjab,2013,Waste Management,10.04
Punjab,2014,Agriculture,20.03
Punjab,2014,Energy,59.22
Punjab,2014,Industry,52.870000000000005
Punjab,2014,Transportation,43.41
Punjab,2014,Waste Management,15.07
Punjab,2015,Agriculture,15.93
Punjab,2015,Energy,72.53
Punjab,2015,Industry,29.85
Punjab,2015,Transportation,26.59
Punjab,2015,Waste Management,8.42
Punjab,2016,Agriculture,22.16
Punjab,2016,Energy,39.56
Punjab,2016,Industry,41.019999999999996
Punjab,2016,Transportation,45.989999999999995
Punjab,2016,Waste Management,10.29
Punjab,2017,Agriculture,14.41
Punjab,2017,Energy,41.92
Punjab,2017,Industry,31.599999999999998
Punjab,2017,Transportation,32.83
Punjab,2017,Waste Management,14.8
Punjab,2018,Agriculture,24.61
Punjab,2018,Energy,77.64
Punjab,2018,Industry,46.300000000000004
Punjab,2018,Transportation,35.489999999999995
Punjab,2018,Waste Management,11.2
Punjab,2019,Agriculture,13.91
Punjab,2019,Energy,46.13
Punjab,2019,Industry,47.87
Punjab,2019,Transportation,46.29
Punjab,2019,Waste Management,11.3
Punjab,2020,Agriculture,21.78
Punjab,2020,Energy,30.84
Punjab,2020,Industry,60.4
Punjab,2020,Transportation,36.09
Punjab,2020,Waste Management,11.55
Punjab,2021,Agriculture,16.29
Punjab,2021,Energy,43.35
Punjab,2021,Industry,53.51
Punjab,2021,Transportation,24.16
Punjab,2021,Waste Management,7.460000000000001
Punjab,2022,Agriculture,20.27
Punjab,2022,Energy,42.120000000000005
Punjab,2022,Industry,45.230000000000004
Punjab,2022,Transportation,25.36
Punjab,2022,Waste Management,8.92
Punjab,2023,Agriculture,20.67
Punjab,2023,Energy,78.93
Punjab,2023,Industry,25.02
Punjab,2023,Transportation,18.73
Punjab,2023,Waste Management,12.510000000000002
Punjab,2024,Agriculture,20.740000000000002
Punjab,2024,Energy,50.71
Punjab,2024,Industry,42.339999999999996
Punjab,2024,Transportation,47.239999999999995
Punjab,2024,Waste Management,10.19
Rajasthan,2010,Agriculture,18.7
Rajasthan,2010,Energy,64.72
Rajasthan,2010,Industry,39.61
Rajasthan,2010,Transportation,41.800000000000004
Rajasthan,2010,Waste Management,8.02
Rajasthan,2011,Agriculture,22.7
Rajasthan,2011,Energy,44.31
Rajasthan,2011,Industry,45.910000000000004
Rajasthan,2011,Transportation,44.35
Rajasthan,2011,Waste Management,11.92
Rajasthan,2012,Agriculture,16.63
Rajasthan,2012,Energy,57.62
Rajasthan,2012,Industry,30.75
Rajasthan,2012,Transportation,29.400000000000002
Rajasthan,2012,Waste Management,12.620000000000001
Rajasthan,2013,Agriculture,11.97
Rajasthan,2013,Energy,61.83
Rajasthan,2013,Industry,25.539999999999996
Rajasthan,2013,Transportation,28.81
Rajasthan,2013,Waste Management,8.51
Rajasthan,2014,Agriculture,22.8
Rajasthan,2014,Energy,44.019999999999996
Rajasthan,2014,Industry,41.77
Rajasthan,2014,Transportation,29.840000000000003
Rajasthan,2014,Waste Management,11.7
Rajasthan,2015,Agriculture,20.42
Rajasthan,2015,Energy,55.86
Rajasthan,2015,Industry,49.519999999999996
Rajasthan,2015,Transportation,35.339999999999996
Rajasthan,2015,Waste Management,9.47
Rajasthan,2016,Agriculture,18.98
Rajasthan,2016,Energy,47.949999999999996
Rajasthan,2016,Industry,26.15
Rajasthan,2016,Transportation,21.04
Rajasthan,2016,Waste Management,9.65
Rajasthan,2017,Agriculture,23.72
Rajasthan,2017,Energy,34.14
Rajasthan,2017,Industry,49.85
Rajasthan,2017,Transportation,20.779999999999998
Rajasthan,2017,Waste Management,12.25
Rajasthan,2018,Agriculture,16.96
Rajasthan,2018,Energy,40.39
Rajasthan,2018,Industry,56.06
Rajasthan,2018,Transportation,27.62
Rajasthan,2018,Waste Management,10.870000000000001
Rajasthan,2019,Agriculture,14.11
Rajasthan,2019,Energy,39.650000000000006
Rajasthan,2019,Industry,31.080000000000002
Rajasthan,2019,Transportation,40.24
Rajasthan,2019,Waste Management,12.83
Rajasthan,2020,Agriculture,15.420000000000002
Rajasthan,2020,Energy,73.83
Rajasthan,2020,Industry,40.85999999999999
Rajasthan,2020,Transportation,42.87
Rajasthan,2020,Waste Management,15.170000000000002
Rajasthan,2021,Agriculture,18.23
Rajasthan,2021,Energy,35.230000000000004
Rajasthan,2021,Industry,44.2
Rajasthan,2021,Transportation,23.43
Rajasthan,2021,Waste Management,12.2
Rajasthan,2022,Agriculture,15.42
Rajasthan,2022,Energy,28.76
Rajasthan,2022,Industry,62.74
Rajasthan,2022,Transportation,40.580000000000005
Rajasthan,2022,Waste Management,11.07
Rajasthan,2023,Agriculture,14.75
Rajasthan,2023,Energy,66.48
Rajasthan,2023,Industry,61.39
Rajasthan,2023,Transportation,43.47
Rajasthan,2023,Waste Management,14.46
Rajasthan,2024,Agriculture,25.64
Rajasthan,2024,Energy,77.72999999999999
Rajasthan,2024,Industry,53.29
Rajasthan,2024,Transportation,28.66
Rajasthan,2024,Waste Management,9.219999999999999
Sikkim,2010,Agriculture,16.1
Sikkim,2010,Energy,74.91
Sikkim,2010,Industry,53.940000000000005
Sikkim,2010,Transportation,45.050000000000004
Sikkim,2010,Waste Management,8.19
Sikkim,2011,Agriculture,15.490000000000002
Sikkim,2011,Energy,75.17999999999999
Sikkim,2011,Industry,23.869999999999997
Sikkim,2011,Transportation,18.900000000000002
Sikkim,2011,Waste Management,9.379999999999999
Sikkim,2012,Agriculture,19.36
Sikkim,2012,Energy,54.24
Sikkim,2012,Industry,27.970000000000002
Sikkim,2012,Transportation,46.39
Sikkim,2012,Waste Management,14.57
Sikkim,2013,Agriculture,23.07
Sikkim,2013,Energy,70.38
Sikkim,2013,Industry,55.01
Sikkim,2013,Transportation,42.18
Sikkim,2013,Waste Management,12.67
Sikkim,2014,Agriculture,18.98
Sikkim,2014,Energy,38.06
Sikkim,2014,Industry,56.580000000000005
Sikkim,2014,Transportation,22.31
Sikkim,2014,Waste Management,10.61
Sikkim,2015,Agriculture,16.39
Sikkim,2015,Energy,65.07
Sikkim,2015,Industry,33.519999999999996
Sikkim,2015,Transportation,25.05
Sikkim,2015,Waste Management,13.76
Sikkim,2016,Agriculture,26.33
Sikkim,2016,Energy,69.53
Sikkim,2016,Industry,53.78
Sikkim,2016,Transportation,28.89
Sikkim,2016,Waste Management,11.93
Sikkim,2017,Agriculture,15.55
Sikkim,2017,Energy,64.7
Sikkim,2017,Industry,24.19
Sikkim,2017,Transportation,29.44
Sikkim,2017,Waste Management,13.559999999999999
Sikkim,2018,Agriculture,26.65
Sikkim,2018,Energy,47.12
Sikkim,2018,Industry,48.7
Sikkim,2018,Transportation,39.13
Sikkim,2018,Waste Management,8.26
Sikkim,2019,Agriculture,16.23
Sikkim,2019,Energy,35.34
Sikkim,2019,Industry,62.78
Sikkim,2019,Transportation,22.29
Sikkim,2019,Waste Management,12.27
Sikkim,2020,Agriculture,12.760000000000002
Sikkim,2020,Energy,39.24999999999999
Sikkim,2020,Industry,47.849999999999994
Sikkim,2020,Transportation,47.46
Sikkim,2020,Waste Management,14.370000000000001
Sikkim,2021,Agriculture,20.200000000000003
Sikkim,2021,Energy,44.41
Sikkim,2021,Industry,46.6
Sikkim,2021,Transportation,43.60999999999999
Sikkim,2021,Waste Management,14.52
Sikkim,2022,Agriculture,19.910000000000004
Sikkim,2022,Energy,60.8
Sikkim,2022,Industry,50.38
Sikkim,2022,Transportation,48.370000000000005
Sikkim,2022,Waste Management,15.83
Sikkim,2023,Agriculture,18.07
Sikkim,2023,Energy,73.35000000000001
Sikkim,2023,Industry,29.41
Sikkim,2023,Transportation,40.65
Sikkim,2023,Waste Management,9.08
Sikkim,2024,Agriculture,22.5
Sikkim,2024,Energy,43.28000000000001
Sikkim,2024,Industry,41.019999999999996
Sikkim,2024,Transportation,33.839999999999996
Sikkim,2024,Waste Management,14.32
Tamil Nadu,2010,Agriculture,21.84
Tamil Nadu,2010,Energy,32.660000000000004
Tamil Nadu,2010,Industry,52.980000000000004
Tamil Nadu,2010,Transportation,47.49
Tamil Nadu,2010,Waste Management,11.25
Tamil Nadu,2011,Agriculture,19.509999999999998
Tamil Nadu,2011,Energy,80.71000000000001
Tamil Nadu,2011,Industry,35.67
Tamil Nadu,2011,Transportation,47.69
Tamil Nadu,2011,Waste Management,6.970000000000001
Tamil Nadu,2012,Agriculture,16.73
Tamil Nadu,2012,Energy,67.97
Tamil Nadu,2012,Industry,35.59
Tamil Nadu,2012,Transportation,42.160000000000004
Tamil Nadu,2012,Waste Management,12.73
Tamil Nadu,2013,Agriculture,26.060000000000002
Tamil Nadu,2013,Energy,65.08
Tamil Nadu,2013,Industry,47.64000000000001
Tamil Nadu,2013,Transportation,36.339999999999996
Tamil Nadu,2013,Waste Management,12.75
Tamil Nadu,2014,Agriculture,15.46
Tamil Nadu,2014,Energy,65.55000000000001
Tamil Nadu,2014,Industry,55.91
Tamil Nadu,2014,Transportation,40.78
Tamil Nadu,2014,Waste Management,14.61
Tamil Nadu,2015,Agriculture,20.25
Tamil Nadu,2015,Energy,54.989999999999995
Tamil Nadu,2015,Industry,50.849999999999994
Tamil Nadu,2015,Transportation,45.05
Tamil Nadu,2015,Waste Management,10.05
Tamil Nadu,2016,Agriculture,19.490000000000002
Tamil Nadu,2016,Energy,40.809999999999995
Tamil Nadu,2016,Industry,43.809999999999995
Tamil Nadu,2016,Transportation,30.29
Tamil Nadu,2016,Waste Management,12.81
Tamil Nadu,2017,Agriculture,17.259999999999998
Tamil Nadu,2017,Energy,45.43
Tamil Nadu,2017,Industry,31.849999999999998
Tamil Nadu,2017,Transportation,29.35
Tamil Nadu,2017,Waste Management,10.96
Tamil Nadu,2018,Agriculture,23.590000000000003
Tamil Nadu,2018,Energy,68.95
Tamil Nadu,2018,Industry,26.810000000000002
Tamil Nadu,2018,Transportation,20.96
Tamil Nadu,2018,Waste Management,6.609999999999999
Tamil Nadu,2019,Agriculture,14.58
Tamil Nadu,2019,Energy,52.42999999999999
Tamil Nadu,2019,Industry,43.46
Tamil Nadu,2019,Transportation,31.63
Tamil Nadu,2019,Waste Management,12.34
Tamil Nadu,2020,Agriculture,23.869999999999997
Tamil Nadu,2020,Energy,60.73
Tamil Nadu,2020,Industry,30.61
Tamil Nadu,2020,Transportation,31.4
Tamil Nadu,2020,Waste Management,14.670000000000002
Tamil Nadu,2021,Agriculture,15.32
Tamil Nadu,2021,Energy,70.53999999999999
Tamil Nadu,2021,Industry,33.32
Tamil Nadu,2021,Transportation,48.660000000000004
Tamil Nadu,2021,Waste Management,13.7
Tamil Nadu,2022,Agriculture,18.63
Tamil Nadu,2022,Energy,65.82000000000001
Tamil Nadu,2022,Industry,53.47
Tamil Nadu,2022,Transportation,27.729999999999997
Tamil Nadu,2022,Waste Management,12.670000000000002
Tamil Nadu,2023,Agriculture,14.59
Tamil Nadu,2023,Energy,52.15
Tamil Nadu,2023,Industry,53.79
Tamil Nadu,2023,Transportation,44.74
Tamil Nadu,2023,Waste Management,12.83
Tamil Nadu,2024,Agriculture,18.490000000000002
Tamil Nadu,2024,Energy,76.46999999999998
Tamil Nadu,2024,Industry,27.48
Tamil Nadu,2024,Transportation,41.85000000000001
Tamil Nadu,2024,Waste Management,13.38
Telangana,2010,Agriculture,18.05
Telangana,2010,Energy,69.14
Telangana,2010,Industry,56.06
Telangana,2010,Transportation,41.519999999999996
Telangana,2010,Waste Management,10.940000000000001
Telangana,2011,Agriculture,23.189999999999998
Telangana,2011,Energy,66.15
Telangana,2011,Industry,47.07
Telangana,2011,Transportation,32.77
Telangana,2011,Waste Management,9.23
Telangana,2012,Agriculture,17.009999999999998
Telangana,2012,Energy,75.99
Telangana,2012,Industry,64.64
Telangana,2012,Transportation,34.41
Telangana,2012,Waste Management,12.52
Telangana,2013,Agriculture,15.989999999999998
Telangana,2013,Energy,51.26
Telangana,2013,Industry,65.69
Telangana,2013,Transportation,38.69
Telangana,2013,Waste Management,15.1
Telangana,2014,Agriculture,24.92
Telangana,2014,Energy,48.91
Telangana,2014,Industry,44.99
Telangana,2014,Transportation,17.990000000000002
Telangana,2014,Waste Management,9.899999999999999
Telangana,2015,Agriculture,22.38
Telangana,2015,Energy,46.61000000000001
Telangana,2015,Industry,45.86
Telangana,2015,Transportation,19.11
Telangana,2015,Waste Management,10.3
Telangana,2016,Agriculture,24.92
Telangana,2016,Energy,64.48
Telangana,2016,Industry,49.75
Telangana,2016,Transportation,25.6
Telangana,2016,Waste Management,12.22
Telangana,2017,Agriculture,18.61
Telangana,2017,Energy,75.53
Telangana,2017,Industry,57.660000000000004
Telangana,2017,Transportation,49.62
Telangana,2017,Waste Management,8.93
Telangana,2018,Agriculture,23.5
Telangana,2018,Energy,35.03
Telangana,2018,Industry,51.68000000000001
Telangana,2018,Transportation,28.07
Telangana,2018,Waste Management,14.82
Telangana,2019,Agriculture,19.33
Telangana,2019,Energy,35.919999999999995
Telangana,2019,Industry,56.489999999999995
Telangana,2019,Transportation,32.81
Telangana,2019,Waste Management,11.809999999999999
Telangana,2020,Agriculture,14.030000000000001
Telangana,2020,Energy,61.300000000000004
Telangana,2020,Industry,60.3
Telangana,2020,Transportation,21.39
Telangana,2020,Waste Management,13.760000000000002
Telangana,2021,Agriculture,24.439999999999998
Telangana,2021,Energy,62.199999999999996
Telangana,2021,Industry,62.99
Telangana,2021,Transportation,36.08
Telangana,2021,Waste Management,11.54
Telangana,2022,Agriculture,18.71
Telangana,2022,Energy,65.51
Telangana,2022,Industry,44.010000000000005
Telangana,2022,Transportation,40.72
Telangana,2022,Waste Management,13.6
Telangana,2023,Agriculture,15.719999999999999
Telangana,2023,Energy,47.18
Telangana,2023,Industry,47.96
Telangana,2023,Transportation,43.809999999999995
Telangana,2023,Waste Management,11.25
Telangana,2024,Agriculture,22.259999999999998
Telangana,2024,Energy,43.65
Telangana,2024,Industry,35.23
Telangana,2024,Transportation,44.980000000000004
Telangana,2024,Waste Management,8.360000000000001
Tripura,2010,Agriculture,14.149999999999999
Tripura,2010,Energy,42.43
Tripura,2010,Industry,46.269999999999996
Tripura,2010,Transportation,41.99
Tripura,2010,Waste Management,11.669999999999998
Tripura,2011,Agriculture,19.91
Tripura,2011,Energy,49.669999999999995
Tripura,2011,Industry,49.52
Tripura,2011,Transportation,46.51
Tripura,2011,Waste Management,12.41
Tripura,2012,Agriculture,25.759999999999998
Tripura,2012,Energy,64.6
Tripura,2012,Industry,54.31
Tripura,2012,Transportation,24.31
Tripura,2012,Waste Management,8.9
Tripura,2013,Agriculture,17.22
Tripura,2013,Energy,36.78
Tripura,2013,Industry,51.31
Tripura,2013,Transportation,41.660000000000004
Tripura,2013,Waste Management,11.15
Tripura,2014,Agriculture,18.39
Tripura,2014,Energy,36.42
Tripura,2014,Industry,39.54
Tripura,2014,Transportation,26.39
Tripura,2014,Waste Management,9.61
Tripura,2015,Agriculture,19.4
Tripura,2015,Energy,47.32
Tripura,2015,Industry,44.09
Tripura,2015,Transportation,45.44
Tripura,2015,Waste Management,12.15
Tripura,2016,Agriculture,12.330000000000002
Tripura,2016,Energy,46.21
Tripura,2016,Industry,29.35
Tripura,2016,Transportation,28.93
Tripura,2016,Waste Management,12.149999999999999
Tripura,2017,Agriculture,17.259999999999998
Tripura,2017,Energy,65.25999999999999
Tripura,2017,Industry,47.52
Tripura,2017,Transportation,40.09
Tripura,2017,Waste Management,12.73
Tripura,2018,Agriculture,13.51
Tripura,2018,Energy,60.269999999999996
Tripura,2018,Industry,32.93
Tripura,2018,Transportation,28.26
Tripura,2018,Waste Management,13.08
Tripura,2019,Agriculture,16.74
Tripura,2019,Energy,51.519999999999996
Tripura,2019,Industry,42.65
Tripura,2019,Transportation,32.53
Tripura,2019,Waste Management,16.64
Tripura,2020,Agriculture,18.599999999999998
Tripura,2020,Energy,63.03
Tripura,2020,Industry,28.48
Tripura,2020,Transportation,26.43
Tripura,2020,Waste Management,16.8
Tripura,2021,Agriculture,20.939999999999998
Tripura,2021,Energy,58.62
Tripura,2021,Industry,35.05
Tripura,2021,Transportation,32.1
Tripura,2021,Waste Management,16.33
Tripura,2022,Agriculture,12.71
Tripura,2022,Energy,43.10000000000001
Tripura,2022,Industry,48.510000000000005
Tripura,2022,Transportation,23.36
Tripura,2022,Waste Management,10.44
Tripura,2023,Agriculture,11.68
Tripura,2023,Energy,55.41
Tripura,2023,Industry,26.869999999999997
Tripura,2023,Transportation,39.550000000000004
Tripura,2023,Waste Management,11.93
Tripura,2024,Agriculture,12.32
Tripura,2024,Energy,33.27
Tripura,2024,Industry,40.67
Tripura,2024,Transportation,25.45
Tripura,2024,Waste Management,12.19
Uttar Pradesh,2010,Agriculture,20.46
Uttar Pradesh,2010,Energy,68.95
Uttar Pradesh,2010,Industry,32.309999999999995
Uttar Pradesh,2010,Transportation,38.69
Uttar Pradesh,2010,Waste Management,12.260000000000002
Uttar Pradesh,2011,Agriculture,14.98
Uttar Pradesh,2011,Energy,38.71
Uttar Pradesh,2011,Industry,56.42
Uttar Pradesh,2011,Transportation,19.220000000000002
Uttar Pradesh,2011,Waste Management,12.489999999999998
Uttar Pradesh,2012,Agriculture,22.42
Uttar Pradesh,2012,Energy,33.83
Uttar Pradesh,2012,Industry,61.68
Uttar Pradesh,2012,Transportation,32.209999999999994
Uttar Pradesh,2012,Waste Management,14.440000000000001
Uttar Pradesh,2013,Agriculture,10.39
Uttar Pradesh,2013,Energy,42.309999999999995
Uttar Pradesh,2013,Industry,28.46
Uttar Pradesh,2013,Transportation,37.830000000000005
Uttar Pradesh,2013,Waste Management,8.77
Uttar Pradesh,2014,Agriculture,22.22
Uttar Pradesh,2014,Energy,60.919999999999995
Uttar Pradesh,2014,Industry,39.26
Uttar Pradesh,2014,Transportation,21.49
Uttar Pradesh,2014,Waste Management,11.05
Uttar Pradesh,2015,Agriculture,18.43
Uttar Pradesh,2015,Energy,68.3
Uttar Pradesh,2015,Industry,49.589999999999996
Uttar Pradesh,2015,Transportation,43.89
Uttar Pradesh,2015,Waste Management,16.37
Uttar Pradesh,2016,Agriculture,17.38
Uttar Pradesh,2016,Energy,67.06
Uttar Pradesh,2016,Industry,45.01
Uttar Pradesh,2016,Transportation,26.290000000000003
Uttar Pradesh,2016,Waste Management,13.920000000000002
Uttar Pradesh,2017,Agriculture,13.830000000000002
Uttar Pradesh,2017,Energy,47.91
Uttar Pradesh,2017,Industry,47.03999999999999
Uttar Pradesh,2017,Transportation,28.409999999999997
Uttar Pradesh,2017,Waste Management,6.93
Uttar Pradesh,2018,Agriculture,13.290000000000001
Uttar Pradesh,2018,Energy,66.45
Uttar Pradesh,2018,Industry,57.94
Uttar Pradesh,2018,Transportation,39.809999999999995
Uttar Pradesh,2018,Waste Management,13.780000000000001
Uttar Pradesh,2019,Agriculture,17.130000000000003
Uttar Pradesh,2019,Energy,33.19
Uttar Pradesh,2019,Industry,34.94
Uttar Pradesh,2019,Transportation,49.68
Uttar Pradesh,2019,Waste Management,15.680000000000001
Uttar Pradesh,2020,Agriculture,19.79
Uttar Pradesh,2020,Energy,80.35
Uttar Pradesh,2020,Industry,29.56
Uttar Pradesh,2020,Transportation,38.18
Uttar Pradesh,2020,Waste Management,12.66
Uttar Pradesh,2021,Agriculture,21.330000000000002
Uttar Pradesh,2021,Energy,47.16
Uttar Pradesh,2021,Industry,23.8
Uttar Pradesh,2021,Transportation,35.33
Uttar Pradesh,2021,Waste Management,9.73
Uttar Pradesh,2022,Agriculture,20.68
Uttar Pradesh,2022,Energy,71.38
Uttar Pradesh,2022,Industry,31.990000000000002
Uttar Pradesh,2022,Transportation,44.190000000000005
Uttar Pradesh,2022,Waste Management,12.61
Uttar Pradesh,2023,Agriculture,9.969999999999999
Uttar Pradesh,2023,Energy,32.1
Uttar Pradesh,2023,Industry,53.2
Uttar Pradesh,2023,Transportation,23.85
Uttar Pradesh,2023,Waste Management,11.350000000000001
Uttar Pradesh,2024,Agriculture,19.21
Uttar Pradesh,2024,Energy,54.5
Uttar Pradesh,2024,Industry,45.39
Uttar Pradesh,2024,Transportation,44.75
Uttar Pradesh,2024,Waste Management,11.059999999999999
Uttarakhand,2010,Agriculture,21.85
Uttarakhand,2010,Energy,67.87
Uttarakhand,2010,Industry,42.79
Uttarakhand,2010,Transportation,30.24
Uttarakhand,2010,Waste Management,13.370000000000001
Uttarakhand,2011,Agriculture,19.86
Uttarakhand,2011,Energy,44.470000000000006
Uttarakhand,2011,Industry,24.64
Uttarakhand,2011,Transportation,20.01
Uttarakhand,2011,Waste Management,9.9
Uttarakhand,2012,Agriculture,18.29
Uttarakhand,2012,Energy,72.79
Uttarakhand,2012,Industry,63.510000000000005
Uttarakhand,2012,Transportation,19.36
Uttarakhand,2012,Waste Management,10.32
Uttarakhand,2013,Agriculture,16.96
Uttarakhand,2013,Energy,50.35
Uttarakhand,2013,Industry,47.88
Uttarakhand,2013,Transportation,35.9
Uttarakhand,2013,Waste Management,12.8
Uttarakhand,2014,Agriculture,15.55
Uttarakhand,2014,Energy,43.57000000000001
Uttarakhand,2014,Industry,62.67
Uttarakhand,2014,Transportation,27.21
Uttarakhand,2014,Waste Management,10.239999999999998
Uttarakhand,2015,Agriculture,22.43
Uttarakhand,2015,Energy,37.790000000000006
Uttarakhand,2015,Industry,50.589999999999996
Uttarakhand,2015,Transportation,36.54
Uttarakhand,2015,Waste Management,13.41
Uttarakhand,2016,Agriculture,18.79
Uttarakhand,2016,Energy,57.94
Uttarakhand,2016,Industry,61.96
Uttarakhand,2016,Transportation,21.85
Uttarakhand,2016,Waste Management,13.67
Uttarakhand,2017,Agriculture,19.38
Uttarakhand,2017,Energy,52.3
Uttarakhand,2017,Industry,49.55
Uttarakhand,2017,Transportation,38.42
Uttarakhand,2017,Waste Management,10.09
Uttarakhand,2018,Agriculture,13.05
Uttarakhand,2018,Energy,68.88999999999999
Uttarakhand,2018,Industry,53.1
Uttarakhand,2018,Transportation,29.279999999999998
Uttarakhand,2018,Waste Management,8.830000000000002
Uttarakhand,2019,Agriculture,24.22
Uttarakhand,2019,Energy,32.870000000000005
Uttarakhand,2019,Industry,38.04
Uttarakhand,2019,Transportation,36.77
Uttarakhand,2019,Waste Management,9.040000000000001
Uttarakhand,2020,Agriculture,16.72
Uttarakhand,2020,Energy,53.349999999999994
Uttarakhand,2020,Industry,52.33
Uttarakhand,2020,Transportation,31.94
Uttarakhand,2020,Waste Management,13.02
Uttarakhand,2021,Agriculture,19.64
Uttarakhand,2021,Energy,66.07000000000001
Uttarakhand,2021,Industry,39.39
Uttarakhand,2021,Transportation,26.28
Uttarakhand,2021,Waste Management,13.27
Uttarakhand,2022,Agriculture,16.55
Uttarakhand,2022,Energy,53.8
Uttarakhand,2022,Industry,53.71
Uttarakhand,2022,Transportation,30.02
Uttarakhand,2022,Waste Management,11.16
Uttarakhand,2023,Agriculture,23.97
Uttarakhand,2023,Energy,50.21
Uttarakhand,2023,Industry,39.54
Uttarakhand,2023,Transportation,47.339999999999996
Uttarakhand,2023,Waste Management,9.27
Uttarakhand,2024,Agriculture,10.68
Uttarakhand,2024,Energy,34.660000000000004
Uttarakhand,2024,Industry,48.91
Uttarakhand,2024,Transportation,48.49
Uttarakhand,2024,Waste Management,15.870000000000001
West Bengal,2010,Agriculture,13.310000000000002
West Bengal,2010,Energy,56.459999999999994
West Bengal,2010,Industry,57.9
West Bengal,2010,Transportation,45.51
West Bengal,2010,Waste Management,11.33
West Bengal,2011,Agriculture,21.09
West Bengal,2011,Energy,73.42999999999999
West Bengal,2011,Industry,33.63
West Bengal,2011,Transportation,20.23
West Bengal,2011,Waste Management,13.18
West Bengal,2012,Agriculture,14.510000000000002
West Bengal,2012,Energy,43.59
West Bengal,2012,Industry,48.88
West Bengal,2012,Transportation,24.069999999999997
West Bengal,2012,Waste Management,12.52
West Bengal,2013,Agriculture,17.8
West Bengal,2013,Energy,80.61
West Bengal,2013,Industry,51.7
West Bengal,2013,Transportation,27.38
West Bengal,2013,Waste Management,11.09
West Bengal,2014,Agriculture,21.57
West Bengal,2014,Energy,63.199999999999996
West Bengal,2014,Industry,59.94
West Bengal,2014,Transportation,34.87
West Bengal,2014,Waste Management,10.3
West Bengal,2015,Agriculture,16.740000000000002
West Bengal,2015,Energy,40.2
West Bengal,2015,Industry,26.669999999999998
West Bengal,2015,Transportation,45.63
West Bengal,2015,Waste Management,13.14
West Bengal,2016,Agriculture,17.07
West Bengal,2016,Energy,50.870000000000005
West Bengal,2016,Industry,43.61000000000001
West Bengal,2016,Transportation,20.62
West Bengal,2016,Waste Management,10.77
West Bengal,2017,Agriculture,21.21
West Bengal,2017,Energy,54.16
West Bengal,2017,Industry,48.00999999999999
West Bengal,2017,Transportation,27.77
West Bengal,2017,Waste Management,15.489999999999998
West Bengal,2018,Agriculture,18.669999999999998
West Bengal,2018,Energy,48.93
West Bengal,2018,Industry,49.309999999999995
West Bengal,2018,Transportation,29.65
West Bengal,2018,Waste Management,11.01
West Bengal,2019,Agriculture,17.66
West Bengal,2019,Energy,57.550000000000004
West Bengal,2019,Industry,39.67
West Bengal,2019,Transportation,48.519999999999996
West Bengal,2019,Waste Management,13.58
West Bengal,2020,Agriculture,22.83
West Bengal,2020,Energy,31.08
West Bengal,2020,Industry,52.06
West Bengal,2020,Transportation,38.540000000000006
West Bengal,2020,Waste Management,11.379999999999999
West Bengal,2021,Agriculture,17.66
West Bengal,2021,Energy,53.36
West Bengal,2021,Industry,51.58
West Bengal,2021,Transportation,34.94
West Bengal,2021,Waste Management,9.3
West Bengal,2022,Agriculture,19.02
West Bengal,2022,Energy,69.83
West Bengal,2022,Industry,60.199999999999996
West Bengal,2022,Transportation,44.71
West Bengal,2022,Waste Management,15.33
West Bengal,2023,Agriculture,20.759999999999998
West Bengal,2023,Energy,55.05
West Bengal,2023,Industry,35.14
West Bengal,2023,Transportation,40.69
West Bengal,2023,Waste Management,12.73
West Bengal,2024,Agriculture,19.47
West Bengal,2024,Energy,46.64
West Bengal,2024,Industry,25.72
West Bengal,2024,Transportation,28.25
West Bengal,2024,Waste Management,12.77
